ZONAS;NOMBRE ZONAS;;;cliente zona;ZonaTransp;;;;;ZonaTransp;Zona Entrega;RutReal;Denominación
DD13100000;Zona Salida Movi;;;100423;DD13100045;;;;;DD13100000;Zona Salida Movi;DR0GEN;Ruta Almacén Genérica DDI
DD13100001;MOLLET CAN BORRELL;;;103154;DD13100008;;;;;DD13100001;MOLLET CAN BORRELL;DR0001;RP235 MOLLET JOSE VELEZ CASTRO
DD13100002;MOLLET PLANA LLADO;;;115740;DD13100059;;;;;DD13100002;MOLLET PLANA LLADO;DR0006;RP235 MOLLET MIGUEL ANGEL DOMINGUEZ GENA
DD13100003;MOLLET BARRI OLIVA;;;118135;DD13100020;;;;;DD13100003;MOLLET BARRI OLIVA;DR0006;RP235 MOLLET MIGUEL ANGEL DOMINGUEZ GENA
DD13100004;MOLLET RAMBLA NOVA;;;118136;DD13100050;;;;;DD13100004;MOLLET RAMBLA NOVA;DR0001;RP235 MOLLET JOSE VELEZ CASTRO
DD13100005;MOLLET XAM.GOMA/VIN;;;118470;DD13100017;;;;;DD13100005;MOLLET XAM.GOMA/VINZ;DR0007;RP235 MOLLET OSCAR REDONDO
DD13100006;MOLL PRATRIBA/POMPE;;;119642;DD13100018;;;;;DD13100006;MOLL PRATRIBA/POMPEU;DR0006;RP235 MOLLET MIGUEL ANGEL DOMINGUEZ GENA
DD13100007;MOLLET ILLA/E.FRANÇ;;;119646;;;;;;DD13100007;MOLLET ILLA/E.FRANÇA;DR0007;RP235 MOLLET OSCAR REDONDO
DD13100008;MOLL.PANTIQ/MAGAROL;;;119717;DD13100026;;;;;DD13100008;MOLL.PANTIQ/MAGAROLA;DR0007;RP235 MOLLET OSCAR REDONDO
DD13100009;MOLLET TARDA;;;119751;DD13100008;;;;;DD13100009;MOLLET TARDA;DR0007;RP235 MOLLET OSCAR REDONDO
DD13100010;GRAN. CANOVELLES;;;119956;DD13100045;;;;;DD13100010;GRAN. CANOVELLES;DR0010;RP235 MOLLET ANTONIO DIAZ AGUILA
DD13100011;GRAN. CENTRE;;;122348;DD13100011;;;;;DD13100011;GRAN. CENTRE;DR0011;RP235 MOLLET ADRIA RAMOS ROSICH
DD13100012;GRAN. PASEO COLON;;;122790;DD13100015;;;;;DD13100012;GRAN. PASEO COLON;DR0010;RP235 MOLLET ANTONIO DIAZ AGUILA
DD13100013;GRAN. PASEIG MUNTAN;;;126089;DD13100054;;;;;DD13100013;GRAN. PASEIG MUNTANY;DR0017;RP235 MOLLET RUBEN DIAZ
DD13100014;GRAN. ROGER FLOR;;;127151;DD13100012;;;;;DD13100014;GRAN. ROGER FLOR;DR0010;RP235 MOLLET ANTONIO DIAZ AGUILA
DD13100015;GRAN. TRES TORRES;;;128003;DD13100013;;;;;DD13100015;GRAN. TRES TORRES;DR0016;RP235 MOLLET JUAN JAVIER PONCE
DD13100016;GRAN. BELLAVISTA;;;128051;DD13100004;;;;;DD13100016;GRAN. BELLAVISTA;DR0016;RP235 MOLLET JUAN JAVIER PONCE
DD13100017;GRAN. GIRONA;;;128247;DD13100050;;;;;DD13100017;GRAN. GIRONA;DR0017;RP235 MOLLET RUBEN DIAZ
DD13100018;GRAN. CAN BASSA;;;128249;DD13100045;;;;;DD13100018;GRAN. CAN BASSA;DR0016;RP235 MOLLET JUAN JAVIER PONCE
DD13100019;GRAN. PONIENTE;;;128916;DD13100030;;;;;DD13100019;GRAN. PONIENTE;DR0010;RP235 MOLLET ANTONIO DIAZ AGUILA
DD13100020;GRAN. RAMASSAR;;;129963;DD13100050;;;;;DD13100020;GRAN. RAMASSAR;DR0017;RP235 MOLLET RUBEN DIAZ
DD13100021;GRAN. SANT JULIA;;;136675;DD13100050;;;;;DD13100021;GRAN. SANT JULIA;DR0040;RP235 MOLLET CRISTIAN LORENTE AINAUD
DD13100022;LES FRANQUESES;;;136720;DD13100011;;;;;DD13100022;LES FRANQUESES;DR0017;RP235 MOLLET RUBEN DIAZ
DD13100023;PARETS SUD / LOURDE;;;9100040724;DD13100011;;;;;DD13100023;PARETS SUD / LOURDES;DR0023;RP235 MOLLET JOSE MARIA SORIA JURADO
DD13100024;PARETS NORD;;;9100040748;DD13100020;;;;;DD13100024;PARETS NORD;DR0023;RP235 MOLLET JOSE MARIA SORIA JURADO
DD13100025;LA ROCA;;;9100040775;DD13100008;;;;;DD13100025;LA ROCA;DR0016;RP235 MOLLET JUAN JAVIER PONCE
DD13100026;MONTORNES CENTRE;;;9100040930;DD13100013;;;;;DD13100026;MONTORNES CENTRE;DR0027;RP235 MOLLET FRAN ROMERO PONCE
DD13100027;MONTORNES NORD;;;9100040967;DD13100033;;;;;DD13100027;MONTORNES NORD;DR0027;RP235 MOLLET FRAN ROMERO PONCE
DD13100028;MONTORNES POLIGON;;;9100041008;DD13100019;;;;;DD13100028;MONTORNES POLIGON;DR0027;RP235 MOLLET FRAN ROMERO PONCE
DD13100029;MONTMELO;;;9100041010;DD13100017;;;;;DD13100029;MONTMELO;DR0027;RP235 MOLLET FRAN ROMERO PONCE
DD13100030;MARTORELLES;;;9100041053;DD13100023;;;;;DD13100030;MARTORELLES;DR0031;RP235 MOLLET LUIS HERNANDEZ MESA
DD13100031;ST FOST CAMPSENTELL;;;9100041059;DD13100020;;;;;DD13100031;ST FOST CAMPSENTELL;DR0031;RP235 MOLLET LUIS HERNANDEZ MESA
DD13100032;LLIÇA D'AMUNT;;;9100041103;DD13100012;;;;;DD13100032;LLIÇA D'AMUNT;DR0032;RP235 MOLLET LLUIS CORS BOIX
DD13100033;LLIÇA DE VALL;;;9100041161;DD13100029;;;;;DD13100033;LLIÇA DE VALL;DR0032;RP235 MOLLET LLUIS CORS BOIX
DD13100034;S.EU RONÇ/BIG.RIELLS;;;9100041355;DD13100017;;;;;DD13100034;S.EU RONÇ/BIG.RIELLS;DR0032;RP235 MOLLET LLUIS CORS BOIX
DD13100035;VALLROMANES/VILANOV;;;9100041363;;;;;;DD13100035;VALLROMANES/VILANOV;DR0027;RP235 MOLLET FRAN ROMERO PONCE
DD13100036;CARDEDEU;;;9100041393;DD13100023;;;;;DD13100036;CARDEDEU;DR0016;RP235 MOLLET JUAN JAVIER PONCE
DD13100037;ST.PERPETUA MOGODA;;;9100041442;DD13100002;;;;;DD13100037;ST.PERPETUA MOGODA;DR0007;RP235 MOLLET OSCAR REDONDO
DD13100038;LA LLAGOSTA;;;9100041485;DD13100029;;;;;DD13100038;LA LLAGOSTA;DR0038;RP235 MOLLET DAVID SEGOVIA ARMERO
DD13100039;PALAU-SOLITA PLEGAM.;;;9100041486;DD13100015;;;;;DD13100039;PALAU-SOLITA PLEGAM.;DR0038;RP235 MOLLET DAVID SEGOVIA ARMERO
DD13100040;CALDES DE MONTBUI;;;9100041503;DD13100029;;;;;DD13100040;CALDES DE MONTBUI;DR0040;RP235 MOLLET CRISTIAN LORENTE AINAUD
DD13100041;CERDANYOLA VALLES;;;9100041543;DD13100023;;;;;DD13100041;CERDANYOLA VALLES;DR0040;RP235 MOLLET CRISTIAN LORENTE AINAUD
DD13100042;RIPOLLET;;;9100041555;DD13100024;;;;;DD13100042;RIPOLLET;DR0040;RP235 MOLLET CRISTIAN LORENTE AINAUD
DD13100043;MONTCADA I REIXAC;;;9100041564;DD13100017;;;;;DD13100043;MONTCADA I REIXAC;DR0040;RP235 MOLLET CRISTIAN LORENTE AINAUD
DD13100044;POLINYA;;;9100041618;DD13100032;;;;;DD13100044;POLINYA;DR0040;RP235 MOLLET CRISTIAN LORENTE AINAUD
DD13100045;Almacén;;;9100041725;DD13100011;;;;;DD13100045;Almacén;DR0045;RP235 MOLLET ALMACEN
DD13100046;Administración;;;9100041740;DD13100032;;;;;DD13100046;Administración;DR0046;RP235 MOLLET ADMINISTRACION
DD13100047;BARBERA I BADIA;;;9100041762;DD13100024;;;;;DD13100047;BARBERA I BADIA;DR0047;RP235 MOLLET BOULAM GHAYOU
DD13100048;ST.CUGAT I VALLDOREI;;;9100041765;DD13100012;;;;;DD13100048;ST.CUGAT I VALLDOREI;DR0048;RP235 MOLLET CARLOS JUNCA SANCHEZ
DD13100050;AFORES;;;9100041774;DD13100017;;;;;DD13100050;AFORES;DR0053;RP235 MOLLET KISIEL, SLAWOMIR LESZEK
DD13100051;BARTOMEU;;;9100041840;DD13100024;;;;;DD13100051;BARTOMEU;DR0052;RP235 MOLLET MANUEL ANDRADES JIMENEZ
DD13100052;CENTELLES;;;9100041886;DD13100035;;;;;DD13100052;CENTELLES;DR0052;RP235 MOLLET MANUEL ANDRADES JIMENEZ
DD13100053;CENTRE;;;9100041990;DD13100017;;;;;DD13100053;CENTRE;DR0053;RP235 MOLLET KISIEL, SLAWOMIR LESZEK
DD13100054;ZONA AUTOVENTA;;;9100042037;DD13100017;;;;;DD13100054;ZONA AUTOVENTA;DA0216;RA CAFE DDI MOLLET
DD13100055;ESTADI;;;9100042249;DD13100019;;;;;DD13100055;ESTADI;DR0053;RP235 MOLLET KISIEL, SLAWOMIR LESZEK
DD13100056;GUIXA;;;9100042261;DD13100024;;;;;DD13100056;GUIXA;DR0053;RP235 MOLLET KISIEL, SLAWOMIR LESZEK
DD13100057;GURB;;;9100042301;DD13100034;;;;;DD13100057;GURB;DR0051;RP235 MOLLET PEREZ PEREZ NEWMAN GREGORIO
DD13100058;MANLLEU;;;9100042378;DD13100024;;;;;DD13100058;MANLLEU;DR0051;RP235 MOLLET PEREZ PEREZ NEWMAN GREGORIO
DD13100059;PARADOR;;;9100042386;DD13100019;;;;;DD13100059;PARADOR;DR0052;RP235 MOLLET MANUEL ANDRADES JIMENEZ
DD13100060;QUIRZE;;;9100042414;DD13100033;;;;;DD13100060;QUIRZE;DR0050;RP235 MOLLET ALEXANDER JOSE DUGARTE NUŃE
DD13100061;RODA;;;9100042491;DD13100011;;;;;DD13100061;RODA;DR0051;RP235 MOLLET PEREZ PEREZ NEWMAN GREGORIO
DD13100062;ST.HIPOLIT;;;9100042500;DD13100011;;;;;DD13100062;ST.HIPOLIT;DR0050;RP235 MOLLET ALEXANDER JOSE DUGARTE NUŃE
DD13100063;ST.JULIA;;;9100042612;DD13100019;;;;;DD13100063;ST.JULIA;DR0051;RP235 MOLLET PEREZ PEREZ NEWMAN GREGORIO
DD13100064;ST.PERE;;;9100042685;DD13100033;;;;;DD13100064;ST.PERE;DR0053;RP235 MOLLET KISIEL, SLAWOMIR LESZEK
DD13100065;TARADELL;;;9100042719;DD13100011;;;;;DD13100065;TARADELL;DR0054;RP235 MOLLET ELIAS FERNANDO VENTURA
DD13100066;TONA;;;9100042801;DD13100028;;;;;DD13100066;TONA;DR0054;RP235 MOLLET ELIAS FERNANDO VENTURA
DD13100067;TORELLO;;;9100042829;DD13100015;;;;;DD13100067;TORELLO;DR0050;RP235 MOLLET ALEXANDER JOSE DUGARTE NUŃE
DD13100068;UNIVERSITA;;;9100042846;DD13100033;;;;;DD13100068;UNIVERSITA;DR0053;RP235 MOLLET KISIEL, SLAWOMIR LESZEK
DD13100069;VIC;;;9100042942;DD13100014;;;;;DD13100069;VIC;DR0052;RP235 MOLLET MANUEL ANDRADES JIMENEZ
;;;;9100042964;DD13100017;;;;;;;;
;;;;9100042975;DD13100019;;;;;;;;
;;;;9100043107;DD13100033;;;;;;;;
;;;;9100043144;DD13100020;;;;;;;;
;;;;9100043170;DD13100021;;;;;;;;
;;;;9100043198;DD13100026;;;;;;;;
;;;;9100043208;DD13100023;;;;;;;;
;;;;9100043317;DD13100032;;;;;;;;
;;;;9100043364;DD13100011;;;;;;;;
;;;;9100043381;DD13100014;;;;;;;;
;;;;9100043408;DD13100026;;;;;;;;
;;;;9100043454;DD13100011;;;;;;;;
;;;;9100043482;DD13100024;;;;;;;;
;;;;9100043540;DD13100026;;;;;;;;
;;;;9100043594;DD13100025;;;;;;;;
;;;;9100043706;DD13100025;;;;;;;;
;;;;9100043719;DD13100026;;;;;;;;
;;;;9100043749;DD13100023;;;;;;;;
;;;;9100043799;DD13100013;;;;;;;;
;;;;9100043839;DD13100029;;;;;;;;
;;;;9100043853;DD13100011;;;;;;;;
;;;;9100043866;DD13100017;;;;;;;;
;;;;9100043893;DD13100012;;;;;;;;
;;;;9100044002;DD13100033;;;;;;;;
;;;;9100044043;DD13100033;;;;;;;;
;;;;9100044050;DD13100026;;;;;;;;
;;;;9100044089;DD13100033;;;;;;;;
;;;;9100044099;DD13100029;;;;;;;;
;;;;9100044116;DD13100029;;;;;;;;
;;;;9100044130;DD13100017;;;;;;;;
;;;;9100044157;DD13100012;;;;;;;;
;;;;9100044179;DD13100024;;;;;;;;
;;;;9100044243;DD13100025;;;;;;;;
;;;;9100044282;DD13100019;;;;;;;;
;;;;9100044290;DD13100023;;;;;;;;
;;;;9100044326;DD13100016;;;;;;;;
;;;;9100044359;DD13100002;;;;;;;;
;;;;9100044366;DD13100026;;;;;;;;
;;;;9100044391;DD13100016;;;;;;;;
;;;;9100044399;DD13100013;;;;;;;;
;;;;9100044409;DD13100017;;;;;;;;
;;;;9100044418;DD13100013;;;;;;;;
;;;;9100044419;DD13100032;;;;;;;;
;;;;9100044457;DD13100017;;;;;;;;
;;;;9100044461;DD13100013;;;;;;;;
;;;;9100044469;DD13100014;;;;;;;;
;;;;9100044480;DD13100026;;;;;;;;
;;;;9100044483;DD13100032;;;;;;;;
;;;;9100047575;DD13100054;;;;;;;;
;;;;9100054481;DD13100008;;;;;;;;
;;;;9100054513;DD13100003;;;;;;;;
;;;;9100054518;DD13100001;;;;;;;;
;;;;9100054533;DD13100045;;;;;;;;
;;;;9100054565;DD13100008;;;;;;;;
;;;;9100054573;DD13100006;;;;;;;;
;;;;9100054600;DD13100030;;;;;;;;
;;;;9100054639;DD13100004;;;;;;;;
;;;;9100054644;DD13100006;;;;;;;;
;;;;9100054649;DD13100024;;;;;;;;
;;;;9100054707;DD13100001;;;;;;;;
;;;;9100054708;DD13100006;;;;;;;;
;;;;9100054732;DD13100001;;;;;;;;
;;;;9100054744;DD13100007;;;;;;;;
;;;;9100054762;DD13100007;;;;;;;;
;;;;9100054778;DD13100003;;;;;;;;
;;;;9100054838;DD13100001;;;;;;;;
;;;;9100054841;DD13100006;;;;;;;;
;;;;9100054848;DD13100003;;;;;;;;
;;;;9100054856;DD13100001;;;;;;;;
;;;;9100054857;DD13100003;;;;;;;;
;;;;9100054872;DD13100008;;;;;;;;
;;;;9100054873;DD13100001;;;;;;;;
;;;;9100054889;DD13100031;;;;;;;;
;;;;9100054896;DD13100006;;;;;;;;
;;;;9100054923;DD13100030;;;;;;;;
;;;;9100054935;DD13100007;;;;;;;;
;;;;9100054949;DD13100001;;;;;;;;
;;;;9100054973;DD13100001;;;;;;;;
;;;;9100054994;DD13100001;;;;;;;;
;;;;9100054998;DD13100003;;;;;;;;
;;;;9100055030;DD13100001;;;;;;;;
;;;;9100055035;DD13100026;;;;;;;;
;;;;9100055101;DD13100009;;;;;;;;
;;;;9100055108;DD13100007;;;;;;;;
;;;;9100055144;DD13100001;;;;;;;;
;;;;9100055145;DD13100008;;;;;;;;
;;;;9100055150;DD13100003;;;;;;;;
;;;;9100055177;DD13100031;;;;;;;;
;;;;9100055194;DD13100001;;;;;;;;
;;;;9100055221;DD13100003;;;;;;;;
;;;;9100055224;DD13100004;;;;;;;;
;;;;9100055251;DD13100001;;;;;;;;
;;;;9100055265;DD13100004;;;;;;;;
;;;;9100055266;DD13100030;;;;;;;;
;;;;9100055275;DD13100026;;;;;;;;
;;;;9100055329;DD13100026;;;;;;;;
;;;;9100055361;DD13100031;;;;;;;;
;;;;9100055377;DD13100007;;;;;;;;
;;;;9100055497;DD13100006;;;;;;;;
;;;;9100055505;DD13100001;;;;;;;;
;;;;9100055508;DD13100007;;;;;;;;
;;;;9100055559;DD13100030;;;;;;;;
;;;;9100055568;DD13100004;;;;;;;;
;;;;9100055620;DD13100006;;;;;;;;
;;;;9100055626;DD13100007;;;;;;;;
;;;;9100055679;DD13100004;;;;;;;;
;;;;9100055707;DD13100006;;;;;;;;
;;;;9100055836;DD13100006;;;;;;;;
;;;;9100055925;DD13100026;;;;;;;;
;;;;9100055962;DD13100023;;;;;;;;
;;;;9100055977;DD13100007;;;;;;;;
;;;;9100056034;DD13100001;;;;;;;;
;;;;9100056047;DD13100001;;;;;;;;
;;;;9100056059;DD13100011;;;;;;;;
;;;;9100056090;DD13100004;;;;;;;;
;;;;9100056113;DD13100023;;;;;;;;
;;;;9100056124;DD13100007;;;;;;;;
;;;;9100056293;DD13100007;;;;;;;;
;;;;9100056384;DD13100055;;;;;;;;
;;;;9100056389;DD13100045;;;;;;;;
;;;;9100056413;DD13100055;;;;;;;;
;;;;9100056427;DD13100058;;;;;;;;
;;;;9100056562;DD13100053;;;;;;;;
;;;;9100056628;DD13100060;;;;;;;;
;;;;9100056658;DD13100052;;;;;;;;
;;;;9100056689;DD13100068;;;;;;;;
;;;;9100056722;DD13100050;;;;;;;;
;;;;9100056774;DD13100055;;;;;;;;
;;;;9100056827;DD13100063;;;;;;;;
;;;;9100056957;DD13100050;;;;;;;;
;;;;9100056959;DD13100053;;;;;;;;
;;;;9100056987;DD13100050;;;;;;;;
;;;;9100056988;DD13100067;;;;;;;;
;;;;9100057038;DD13100067;;;;;;;;
;;;;9100057040;DD13100050;;;;;;;;
;;;;9100057171;DD13100053;;;;;;;;
;;;;9100057428;DD13100053;;;;;;;;
;;;;9100057483;DD13100067;;;;;;;;
;;;;9100057514;DD13100050;;;;;;;;
;;;;9100057531;DD13100058;;;;;;;;
;;;;9100057605;DD13100055;;;;;;;;
;;;;9100057776;DD13100063;;;;;;;;
;;;;9100057906;DD13100067;;;;;;;;
;;;;9100057926;DD13100063;;;;;;;;
;;;;9100057936;DD13100053;;;;;;;;
;;;;9100057963;DD13100068;;;;;;;;
;;;;9100058012;DD13100052;;;;;;;;
;;;;9100058035;DD13100063;;;;;;;;
;;;;9100058168;DD13100045;;;;;;;;
;;;;9100058180;DD13100063;;;;;;;;
;;;;9100058278;DD13100067;;;;;;;;
;;;;9100058299;DD13100050;;;;;;;;
;;;;9100058394;DD13100067;;;;;;;;
;;;;9100058399;DD13100068;;;;;;;;
;;;;9100058412;DD13100058;;;;;;;;
;;;;9100058446;DD13100050;;;;;;;;
;;;;9100058476;DD13100050;;;;;;;;
;;;;9100058481;DD13100050;;;;;;;;
;;;;9100058486;DD13100055;;;;;;;;
;;;;9100058499;DD13100053;;;;;;;;
;;;;9100058613;DD13100067;;;;;;;;
;;;;9100058617;DD13100061;;;;;;;;
;;;;9100058670;DD13100055;;;;;;;;
;;;;9100058727;DD13100053;;;;;;;;
;;;;9100058730;DD13100051;;;;;;;;
;;;;9100058749;DD13100053;;;;;;;;
;;;;9100058772;DD13100067;;;;;;;;
;;;;9100058807;DD13100058;;;;;;;;
;;;;9100058835;DD13100067;;;;;;;;
;;;;9100058850;DD13100055;;;;;;;;
;;;;9100058963;DD13100052;;;;;;;;
;;;;9100059021;DD13100067;;;;;;;;
;;;;9100059032;DD13100063;;;;;;;;
;;;;9100059072;DD13100063;;;;;;;;
;;;;9100059082;DD13100060;;;;;;;;
;;;;9100059144;DD13100055;;;;;;;;
;;;;9100059171;DD13100067;;;;;;;;
;;;;9100059229;DD13100050;;;;;;;;
;;;;9100059282;DD13100015;;;;;;;;
;;;;9100059399;DD13100053;;;;;;;;
;;;;9100059602;DD13100007;;;;;;;;
;;;;9100070576;DD13100016;;;;;;;;
;;;;9100075499;DD13100007;;;;;;;;
;;;;9100075744;DD13100025;;;;;;;;
;;;;9100075764;DD13100001;;;;;;;;
;;;;9100076081;DD13100003;;;;;;;;
;;;;9100076545;DD13100016;;;;;;;;
;;;;9100076613;DD13100011;;;;;;;;
;;;;9100081422;DD13100053;;;;;;;;
;;;;9100087371;DD13100018;;;;;;;;
;;;;9100087801;DD13100014;;;;;;;;
;;;;9100094835;DD13100017;;;;;;;;
;;;;9100095188;DD13100045;;;;;;;;
;;;;9100097548;DD13100026;;;;;;;;
;;;;9100098069;DD13100014;;;;;;;;
;;;;9100110641;DD13100067;;;;;;;;
;;;;9100110789;DD13100019;;;;;;;;
;;;;9100111065;DD13100008;;;;;;;;
;;;;9100112395;DD13100067;;;;;;;;
;;;;9100112714;DD13100030;;;;;;;;
;;;;9100119869;DD13100053;;;;;;;;
;;;;9100120656;DD13100033;;;;;;;;
;;;;9100120687;DD13100054;;;;;;;;
;;;;9100120688;DD13100026;;;;;;;;
;;;;9100120690;DD13100008;;;;;;;;
;;;;9100120794;DD13100017;;;;;;;;
;;;;9100120799;DD13100019;;;;;;;;
;;;;9100120981;DD13100019;;;;;;;;
;;;;9100121164;DD13100015;;;;;;;;
;;;;9100121555;DD13100052;;;;;;;;
;;;;9100121589;DD13100008;;;;;;;;
;;;;9100121732;DD13100006;;;;;;;;
;;;;9100122181;DD13100067;;;;;;;;
;;;;9100122540;DD13100067;;;;;;;;
;;;;9100122840;DD13100017;;;;;;;;
;;;;9100125812;DD13100026;;;;;;;;
;;;;9100126286;DD13100067;;;;;;;;
;;;;9100126369;DD13100067;;;;;;;;
;;;;9100126372;DD13100060;;;;;;;;
;;;;9100126373;DD13100050;;;;;;;;
;;;;9100126935;;;;;;;;;
;;;;9100127570;DD13100055;;;;;;;;
;;;;9100127929;DD13100016;;;;;;;;
;;;;9100127992;DD13100053;;;;;;;;
;;;;9100129120;DD13100026;;;;;;;;
;;;;9100129133;DD13100008;;;;;;;;
;;;;9100129209;DD13100067;;;;;;;;
;;;;9100129392;DD13100063;;;;;;;;
;;;;9100130145;DD13100050;;;;;;;;
;;;;9100134828;DD13100053;;;;;;;;
;;;;9100134890;DD13100013;;;;;;;;
;;;;9100134891;DD13100025;;;;;;;;
;;;;9100135277;DD13100068;;;;;;;;
;;;;9100135478;DD13100055;;;;;;;;
;;;;9100135772;DD13100004;;;;;;;;
;;;;9100136123;DD13100067;;;;;;;;
;;;;9100138634;DD13100023;;;;;;;;
;;;;9100139142;DD13100030;;;;;;;;
;;;;9100139252;DD13100067;;;;;;;;
;;;;9100139584;DD13100025;;;;;;;;
;;;;9100140860;DD13100018;;;;;;;;
;;;;9100145307;DD13100063;;;;;;;;
;;;;9100145802;DD13100053;;;;;;;;
;;;;9100145874;DD13100014;;;;;;;;
;;;;9100150711;DD13100023;;;;;;;;
;;;;9100150731;DD13100007;;;;;;;;
;;;;9100150866;DD13100032;;;;;;;;
;;;;9100151045;DD13100055;;;;;;;;
;;;;9100151073;DD13100012;;;;;;;;
;;;;9100151566;DD13100019;;;;;;;;
;;;;9100151684;DD13100029;;;;;;;;
;;;;9100152300;DD13100068;;;;;;;;
;;;;9100153532;DD13100007;;;;;;;;
;;;;9100153533;DD13100007;;;;;;;;
;;;;9100153969;DD13100011;;;;;;;;
;;;;9100154524;DD13100026;;;;;;;;
;;;;9100154591;DD13100026;;;;;;;;
;;;;9100156149;DD13100050;;;;;;;;
;;;;9100158099;DD13100024;;;;;;;;
;;;;9100158102;DD13100023;;;;;;;;
;;;;9100158437;DD13100029;;;;;;;;
;;;;9100158492;DD13100058;;;;;;;;
;;;;9100158623;DD13100061;;;;;;;;
;;;;9100158659;DD13100055;;;;;;;;
;;;;9100158696;DD13100068;;;;;;;;
;;;;9100158828;DD13100053;;;;;;;;
;;;;9100158833;DD13100058;;;;;;;;
;;;;9100158856;DD13100053;;;;;;;;
;;;;9100158872;DD13100058;;;;;;;;
;;;;9100158925;DD13100055;;;;;;;;
;;;;9100158946;DD13100053;;;;;;;;
;;;;9100158975;DD13100055;;;;;;;;
;;;;9100158995;DD13100058;;;;;;;;
;;;;9100159002;DD13100050;;;;;;;;
;;;;9100159004;DD13100055;;;;;;;;
;;;;9100159110;DD13100052;;;;;;;;
;;;;9100159144;DD13100063;;;;;;;;
;;;;9100159254;DD13100058;;;;;;;;
;;;;9100159296;DD13100067;;;;;;;;
;;;;9100159298;DD13100058;;;;;;;;
;;;;9100159311;DD13100062;;;;;;;;
;;;;9100159383;DD13100062;;;;;;;;
;;;;9100159423;DD13100062;;;;;;;;
;;;;9100159434;DD13100058;;;;;;;;
;;;;9100159533;DD13100062;;;;;;;;
;;;;9100159640;DD13100053;;;;;;;;
;;;;9100159884;DD13100060;;;;;;;;
;;;;9100160021;DD13100058;;;;;;;;
;;;;9100160054;DD13100061;;;;;;;;
;;;;9100160118;DD13100050;;;;;;;;
;;;;9100160124;DD13100061;;;;;;;;
;;;;9100160354;DD13100058;;;;;;;;
;;;;9100161621;DD13100029;;;;;;;;
;;;;9100166608;DD13100053;;;;;;;;
;;;;9100169134;DD13100058;;;;;;;;
;;;;9100169285;DD13100011;;;;;;;;
;;;;9100169481;DD13100052;;;;;;;;
;;;;9100169606;DD13100026;;;;;;;;
;;;;9100171360;DD13100067;;;;;;;;
;;;;9100172700;DD13100016;;;;;;;;
;;;;9100178455;DD13100007;;;;;;;;
;;;;9100180416;DD13100052;;;;;;;;
;;;;9100184449;DD13100006;;;;;;;;
;;;;9100184803;DD13100024;;;;;;;;
;;;;9100190779;DD13100007;;;;;;;;
;;;;9100192841;DD13100053;;;;;;;;
;;;;9100194884;DD13100058;;;;;;;;
;;;;9100197987;DD13100050;;;;;;;;
;;;;9100198106;DD13100026;;;;;;;;
;;;;9100199450;DD13100026;;;;;;;;
;;;;9100206311;DD13100058;;;;;;;;
;;;;9100206312;DD13100050;;;;;;;;
;;;;9100206314;DD13100052;;;;;;;;
;;;;9100215822;DD13100053;;;;;;;;
;;;;9100219680;DD13100017;;;;;;;;
;;;;9100219758;DD13100019;;;;;;;;
;;;;9100220279;DD13100063;;;;;;;;
;;;;9100226319;DD13100011;;;;;;;;
;;;;9100227012;DD13100015;;;;;;;;
;;;;9100227177;DD13100023;;;;;;;;
;;;;9100228193;DD13100008;;;;;;;;
;;;;9100229412;DD13100029;;;;;;;;
;;;;9100229514;DD13100014;;;;;;;;
;;;;9100230870;DD13100023;;;;;;;;
;;;;9100233605;DD13100030;;;;;;;;
;;;;9100238682;DD13100011;;;;;;;;
;;;;9100238822;DD13100030;;;;;;;;
;;;;9100239655;DD13100004;;;;;;;;
;;;;9100239658;DD13100043;;;;;;;;
;;;;9100239659;DD13100023;;;;;;;;
;;;;9100242346;DD13100063;;;;;;;;
;;;;9100243079;DD13100031;;;;;;;;
;;;;9100246685;DD13100001;;;;;;;;
;;;;9100246985;DD13100045;;;;;;;;
;;;;9100246993;DD13100053;;;;;;;;
;;;;9100247403;DD13100061;;;;;;;;
;;;;9100250393;DD13100019;;;;;;;;
;;;;9100250629;DD13100060;;;;;;;;
;;;;9100252058;DD13100031;;;;;;;;
;;;;9100252094;DD13100067;;;;;;;;
;;;;9100252903;DD13100011;;;;;;;;
;;;;9100253034;DD13100068;;;;;;;;
;;;;9100253099;DD13100058;;;;;;;;
;;;;9100253786;DD13100015;;;;;;;;
;;;;9100255064;DD13100050;;;;;;;;
;;;;9100259166;DD13100050;;;;;;;;
;;;;9100262827;DD13100055;;;;;;;;
;;;;9100264285;DD13100003;;;;;;;;
;;;;9100264438;DD13100023;;;;;;;;
;;;;9100264654;DD13100017;;;;;;;;
;;;;9100264859;DD13100033;;;;;;;;
;;;;9100268368;DD13100024;;;;;;;;
;;;;9100270631;DD13100061;;;;;;;;
;;;;9100271543;DD13100007;;;;;;;;
;;;;9100281244;DD13100008;;;;;;;;
;;;;9100281245;DD13100023;;;;;;;;
;;;;9100281570;DD13100067;;;;;;;;
;;;;9100282679;DD13100026;;;;;;;;
;;;;9100282736;DD13100067;;;;;;;;
;;;;9100283498;DD13100013;;;;;;;;
;;;;9100291002;DD13100017;;;;;;;;
;;;;9100294054;DD13100055;;;;;;;;
;;;;9100294904;DD13100053;;;;;;;;
;;;;9100296409;DD13100028;;;;;;;;
;;;;9100296646;DD13100006;;;;;;;;
;;;;9100297849;DD13100011;;;;;;;;
;;;;9100299260;DD13100030;;;;;;;;
;;;;9100300991;DD13100032;;;;;;;;
;;;;9100301063;DD13100058;;;;;;;;
;;;;9100301605;DD13100033;;;;;;;;
;;;;9100301896;DD13100014;;;;;;;;
;;;;9100302461;DD13100014;;;;;;;;
;;;;9100304652;DD13100017;;;;;;;;
;;;;9100305166;DD13100003;;;;;;;;
;;;;9100305167;DD13100003;;;;;;;;
;;;;9100305726;DD13100062;;;;;;;;
;;;;9100310143;DD13100014;;;;;;;;
;;;;9100324575;DD13100055;;;;;;;;
;;;;9100326018;DD13100058;;;;;;;;
;;;;9100326765;DD13100008;;;;;;;;
;;;;9100331748;DD13100008;;;;;;;;
;;;;9100332707;DD13100058;;;;;;;;
;;;;9100334134;DD13100026;;;;;;;;
;;;;9100336673;DD13100001;;;;;;;;
;;;;9100337367;DD13100068;;;;;;;;
;;;;9100338195;DD13100013;;;;;;;;
;;;;9100338196;DD13100015;;;;;;;;
;;;;9100338332;DD13100007;;;;;;;;
;;;;9100340260;DD13100012;;;;;;;;
;;;;9100340763;DD13100017;;;;;;;;
;;;;9100341135;DD13100011;;;;;;;;
;;;;9100341736;DD13100001;;;;;;;;
;;;;9100342026;DD13100050;;;;;;;;
;;;;9100342550;DD13100030;;;;;;;;
;;;;9100343446;DD13100050;;;;;;;;
;;;;9100345891;DD13100053;;;;;;;;
;;;;9100348821;DD13100018;;;;;;;;
;;;;9100350872;DD13100008;;;;;;;;
;;;;9100350948;DD13100061;;;;;;;;
;;;;9100353152;DD13100008;;;;;;;;
;;;;9100353302;DD13100055;;;;;;;;
;;;;9100354651;DD13100007;;;;;;;;
;;;;9100355289;DD13100012;;;;;;;;
;;;;9100365812;DD13100017;;;;;;;;
;;;;9100366443;DD13100008;;;;;;;;
;;;;9100366724;DD13100024;;;;;;;;
;;;;9100366732;DD13100008;;;;;;;;
;;;;9100366733;DD13100008;;;;;;;;
;;;;9100366735;DD13100026;;;;;;;;
;;;;9100366757;DD13100024;;;;;;;;
;;;;9100369663;DD13100060;;;;;;;;
;;;;9100369998;DD13100008;;;;;;;;
;;;;9100371601;DD13100032;;;;;;;;
;;;;9100371825;DD13100008;;;;;;;;
;;;;9100372136;DD13100061;;;;;;;;
;;;;9100373403;DD13100038;;;;;;;;
;;;;9100373406;DD13100023;;;;;;;;
;;;;9100373422;DD13100011;;;;;;;;
;;;;9100373428;DD13100038;;;;;;;;
;;;;9100373488;DD13100023;;;;;;;;
;;;;9100373506;DD13100028;;;;;;;;
;;;;9100373615;DD13100011;;;;;;;;
;;;;9100373640;DD13100018;;;;;;;;
;;;;9100373641;DD13100016;;;;;;;;
;;;;9100374147;DD13100058;;;;;;;;
;;;;9100374304;DD13100055;;;;;;;;
;;;;9100374429;DD13100053;;;;;;;;
;;;;9100377532;DD13100030;;;;;;;;
;;;;9100378362;DD13100067;;;;;;;;
;;;;9100378510;DD13100016;;;;;;;;
;;;;9100381861;DD13100058;;;;;;;;
;;;;9100381913;DD13100025;;;;;;;;
;;;;9100382635;DD13100024;;;;;;;;
;;;;9100383438;DD13100061;;;;;;;;
;;;;9100385693;DD13100063;;;;;;;;
;;;;9100389125;DD13100055;;;;;;;;
;;;;9100389358;DD13100053;;;;;;;;
;;;;9100397795;DD13100050;;;;;;;;
;;;;9100399265;DD13100011;;;;;;;;
;;;;9100399521;DD13100068;;;;;;;;
;;;;9100403364;DD13100004;;;;;;;;
;;;;9100409671;DD13100055;;;;;;;;
;;;;9100410532;DD13100016;;;;;;;;
;;;;9100410610;DD13100067;;;;;;;;
;;;;9100411152;DD13100068;;;;;;;;
;;;;9100411688;DD13100016;;;;;;;;
;;;;9100413240;DD13100024;;;;;;;;
;;;;9100413328;DD13100007;;;;;;;;
;;;;9100414445;DD13100002;;;;;;;;
;;;;9100416412;DD13100050;;;;;;;;
;;;;9100419900;DD13100053;;;;;;;;
;;;;9100420327;DD13100030;;;;;;;;
;;;;9100420376;DD13100058;;;;;;;;
;;;;9100420424;DD13100033;;;;;;;;
;;;;9100420785;DD13100021;;;;;;;;
;;;;9100420786;DD13100015;;;;;;;;
;;;;9100422647;DD13100019;;;;;;;;
;;;;9100423445;DD13100007;;;;;;;;
;;;;9100423519;DD13100050;;;;;;;;
;;;;9100423767;DD13100017;;;;;;;;
;;;;9100424060;DD13100004;;;;;;;;
;;;;9100424065;DD13100029;;;;;;;;
;;;;9100432797;DD13100016;;;;;;;;
;;;;9100433466;DD13100062;;;;;;;;
;;;;9100433502;DD13100008;;;;;;;;
;;;;9100436371;DD13100053;;;;;;;;
;;;;9100443296;DD13100029;;;;;;;;
;;;;9100443450;DD13100068;;;;;;;;
;;;;9100444038;DD13100003;;;;;;;;
;;;;9100444956;DD13100008;;;;;;;;
;;;;9100445926;DD13100014;;;;;;;;
;;;;9100446439;DD13100050;;;;;;;;
;;;;9100447620;DD13100017;;;;;;;;
;;;;9100447655;DD13100031;;;;;;;;
;;;;9100448962;DD13100050;;;;;;;;
;;;;9100450636;DD13100029;;;;;;;;
;;;;9100451636;DD13100050;;;;;;;;
;;;;9100452581;DD13100055;;;;;;;;
;;;;9100453364;DD13100058;;;;;;;;
;;;;9100453983;DD13100068;;;;;;;;
;;;;9100454403;DD13100053;;;;;;;;
;;;;9100461830;DD13100067;;;;;;;;
;;;;9100466233;DD13100006;;;;;;;;
;;;;9100466625;DD13100053;;;;;;;;
;;;;9100467000;DD13100058;;;;;;;;
;;;;9100467331;DD13100006;;;;;;;;
;;;;9100468163;DD13100026;;;;;;;;
;;;;9100468310;DD13100032;;;;;;;;
;;;;9100469494;DD13100014;;;;;;;;
;;;;9100470966;DD13100003;;;;;;;;
;;;;9100471566;DD13100053;;;;;;;;
;;;;9100473327;DD13100060;;;;;;;;
;;;;9100473447;DD13100063;;;;;;;;
;;;;9100473659;DD13100052;;;;;;;;
;;;;9100474233;DD13100045;;;;;;;;
;;;;9100479079;DD13100011;;;;;;;;
;;;;9100479427;DD13100058;;;;;;;;
;;;;9100480482;DD13100018;;;;;;;;
;;;;9100485303;DD13100058;;;;;;;;
;;;;9100486027;DD13100001;;;;;;;;
;;;;9100486030;DD13100024;;;;;;;;
;;;;9100487378;DD13100058;;;;;;;;
;;;;9100491082;DD13100063;;;;;;;;
;;;;9100492927;DD13100050;;;;;;;;
;;;;9100493210;DD13100030;;;;;;;;
;;;;9100494258;DD13100050;;;;;;;;
;;;;9100494288;DD13100058;;;;;;;;
;;;;9100494853;DD13100058;;;;;;;;
;;;;9100494906;DD13100058;;;;;;;;
;;;;9100495381;DD13100040;;;;;;;;
;;;;9100495996;DD13100011;;;;;;;;
;;;;9100497770;DD13100016;;;;;;;;
;;;;9100497829;DD13100008;;;;;;;;
;;;;9100498065;DD13100007;;;;;;;;
;;;;9100501076;DD13100011;;;;;;;;
;;;;9100502995;DD13100013;;;;;;;;
;;;;9100503002;DD13100011;;;;;;;;
;;;;9100503009;DD13100045;;;;;;;;
;;;;9100503205;DD13100008;;;;;;;;
;;;;9100503495;DD13100053;;;;;;;;
;;;;9100503664;DD13100032;;;;;;;;
;;;;9100505409;DD13100031;;;;;;;;
;;;;9100505447;DD13100007;;;;;;;;
;;;;9100506888;DD13100019;;;;;;;;
;;;;9100507154;DD13100019;;;;;;;;
;;;;9100507921;DD13100014;;;;;;;;
;;;;9100509767;DD13100011;;;;;;;;
;;;;9100511092;DD13100030;;;;;;;;
;;;;9100512192;DD13100046;;;;;;;;
;;;;9100512676;DD13100029;;;;;;;;
;;;;9100513352;DD13100018;;;;;;;;
;;;;9100513397;DD13100011;;;;;;;;
;;;;9100513427;DD13100045;;;;;;;;
;;;;9100513817;DD13100067;;;;;;;;
;;;;9100513843;DD13100027;;;;;;;;
;;;;9100514206;DD13100045;;;;;;;;
;;;;9100514207;DD13100045;;;;;;;;
;;;;9100514208;DD13100045;;;;;;;;
;;;;9100515640;DD13100053;;;;;;;;
;;;;9100515642;DD13100067;;;;;;;;
;;;;9100517175;DD13100045;;;;;;;;
;;;;9100517197;DD13100007;;;;;;;;
;;;;9100517311;DD13100067;;;;;;;;
;;;;9100517366;DD13100053;;;;;;;;
;;;;9100517443;DD13100013;;;;;;;;
;;;;9100517477;DD13100045;;;;;;;;
;;;;9100517701;DD13100050;;;;;;;;
;;;;9100519718;DD13100007;;;;;;;;
;;;;9100519725;DD13100045;;;;;;;;
;;;;9100519746;DD13100045;;;;;;;;
;;;;9100520022;DD13100017;;;;;;;;
;;;;9100520123;DD13100007;;;;;;;;
;;;;9100520242;DD13100058;;;;;;;;
;;;;9100520726;DD13100053;;;;;;;;
;;;;9100521595;DD13100017;;;;;;;;
;;;;9100521616;DD13100029;;;;;;;;
;;;;9100521678;DD13100021;;;;;;;;
;;;;9100521875;DD13100053;;;;;;;;
;;;;9100522192;DD13100003;;;;;;;;
;;;;9100522267;DD13100003;;;;;;;;
;;;;9100522381;DD13100061;;;;;;;;
;;;;9100522518;DD13100045;;;;;;;;
;;;;9100523486;DD13100053;;;;;;;;
;;;;9100523487;DD13100050;;;;;;;;
;;;;9100523982;DD13100011;;;;;;;;
;;;;9100524060;DD13100013;;;;;;;;
;;;;9100525754;DD13100015;;;;;;;;
;;;;9100526119;DD13100013;;;;;;;;
;;;;9100527198;DD13100011;;;;;;;;
;;;;9100527263;DD13100068;;;;;;;;
;;;;9100527964;DD13100050;;;;;;;;
;;;;9100527972;DD13100045;;;;;;;;
;;;;9100528087;DD13100067;;;;;;;;
;;;;9100528985;DD13100022;;;;;;;;
;;;;9100529011;DD13100045;;;;;;;;
;;;;9100529116;DD13100055;;;;;;;;
;;;;9100529176;DD13100016;;;;;;;;
;;;;9100529181;DD13100008;;;;;;;;
;;;;9100529186;DD13100067;;;;;;;;
;;;;9100529300;DD13100026;;;;;;;;
;;;;9100529900;DD13100063;;;;;;;;
;;;;9100530919;DD13100008;;;;;;;;
;;;;9100530921;DD13100033;;;;;;;;
;;;;9100535260;DD13100019;;;;;;;;
;;;;9100535918;DD13100045;;;;;;;;
;;;;9100536121;DD13100058;;;;;;;;
;;;;9100536443;DD13100045;;;;;;;;
;;;;9100536466;DD13100045;;;;;;;;
;;;;9100536467;DD13100045;;;;;;;;
;;;;9100536469;DD13100045;;;;;;;;
;;;;9100536475;DD13100045;;;;;;;;
;;;;9100536481;DD13100045;;;;;;;;
;;;;9100536484;DD13100045;;;;;;;;
;;;;9100536762;DD13100027;;;;;;;;
;;;;9100536830;DD13100045;;;;;;;;
;;;;9100536947;DD13100045;;;;;;;;
;;;;9100537742;DD13100029;;;;;;;;
;;;;9100538933;DD13100017;;;;;;;;
;;;;9100539485;DD13100004;;;;;;;;
;;;;9100540106;DD13100058;;;;;;;;
;;;;9100540250;DD13100029;;;;;;;;
;;;;9100540322;DD13100053;;;;;;;;
;;;;9100540782;DD13100001;;;;;;;;
;;;;9100541197;DD13100030;;;;;;;;
;;;;9100541821;DD13100068;;;;;;;;
;;;;9100541892;DD13100045;;;;;;;;
;;;;9100541928;DD13100053;;;;;;;;
;;;;9100542069;DD13100006;;;;;;;;
;;;;9100542312;DD13100031;;;;;;;;
;;;;9100542720;DD13100067;;;;;;;;
;;;;9100542820;DD13100026;;;;;;;;
;;;;9100544203;DD13100001;;;;;;;;
;;;;9100544826;DD13100001;;;;;;;;
;;;;9100545628;DD13100007;;;;;;;;
;;;;9100547001;DD13100032;;;;;;;;
;;;;9100547290;DD13100032;;;;;;;;
;;;;9100550379;DD13100015;;;;;;;;
;;;;9100552330;DD13100006;;;;;;;;
;;;;9100553092;DD13100017;;;;;;;;
;;;;9100553669;DD13100001;;;;;;;;
;;;;9100553805;DD13100012;;;;;;;;
;;;;9100553915;DD13100016;;;;;;;;
;;;;9100554547;DD13100055;;;;;;;;
;;;;9100554598;DD13100017;;;;;;;;
;;;;9100556448;DD13100007;;;;;;;;
;;;;9100556449;DD13100008;;;;;;;;
;;;;9100556483;DD13100045;;;;;;;;
;;;;9100556955;DD13100067;;;;;;;;
;;;;9100558085;DD13100029;;;;;;;;
;;;;9100558804;DD13100011;;;;;;;;
;;;;9100559291;DD13100018;;;;;;;;
;;;;9100560156;DD13100050;;;;;;;;
;;;;9100560544;DD13100024;;;;;;;;
;;;;9100562472;DD13100058;;;;;;;;
;;;;9100562973;DD13100018;;;;;;;;
;;;;9100563070;DD13100067;;;;;;;;
;;;;9100563102;DD13100053;;;;;;;;
;;;;9100563642;DD13100053;;;;;;;;
;;;;9100563721;DD13100029;;;;;;;;
;;;;9100563722;DD13100026;;;;;;;;
;;;;9100564349;DD13100030;;;;;;;;
;;;;9100564797;DD13100053;;;;;;;;
;;;;9100565225;DD13100045;;;;;;;;
;;;;9100565827;DD13100052;;;;;;;;
;;;;9100566100;DD13100024;;;;;;;;
;;;;9100566254;DD13100004;;;;;;;;
;;;;9100566266;DD13100053;;;;;;;;
;;;;9100567698;DD13100053;;;;;;;;
;;;;9100567861;DD13100045;;;;;;;;
;;;;9100568067;DD13100019;;;;;;;;
;;;;9100568310;DD13100007;;;;;;;;
;;;;9100568458;DD13100045;;;;;;;;
;;;;9100568729;DD13100067;;;;;;;;
;;;;9100569006;DD13100023;;;;;;;;
;;;;9100569086;DD13100045;;;;;;;;
;;;;9100569087;DD13100045;;;;;;;;
;;;;9100570919;DD13100011;;;;;;;;
;;;;9100572141;DD13100063;;;;;;;;
;;;;9100572378;DD13100067;;;;;;;;
;;;;9100573746;DD13100053;;;;;;;;
;;;;9100574086;DD13100058;;;;;;;;
;;;;9100574514;DD13100023;;;;;;;;
;;;;9100574583;DD13100032;;;;;;;;
;;;;9100576264;DD13100001;;;;;;;;
;;;;9100576586;DD13100055;;;;;;;;
;;;;9100576639;DD13100032;;;;;;;;
;;;;9100576643;DD13100002;;;;;;;;
;;;;9100577666;DD13100063;;;;;;;;
;;;;9100577691;DD13100050;;;;;;;;
;;;;9100577693;DD13100052;;;;;;;;
;;;;9100577716;DD13100061;;;;;;;;
;;;;9100577717;DD13100058;;;;;;;;
;;;;9100577728;DD13100055;;;;;;;;
;;;;9100577732;DD13100055;;;;;;;;
;;;;9100577790;DD13100053;;;;;;;;
;;;;9100579782;DD13100019;;;;;;;;
;;;;9100579824;DD13100050;;;;;;;;
;;;;9100579833;DD13100063;;;;;;;;
;;;;9100579835;DD13100050;;;;;;;;
;;;;9100579836;DD13100050;;;;;;;;
;;;;9100579841;DD13100050;;;;;;;;
;;;;9100580278;DD13100017;;;;;;;;
;;;;9100581337;DD13100053;;;;;;;;
;;;;9100582033;DD13100050;;;;;;;;
;;;;9100582034;DD13100058;;;;;;;;
;;;;9100582039;DD13100058;;;;;;;;
;;;;9100582097;DD13100050;;;;;;;;
;;;;9100582098;DD13100058;;;;;;;;
;;;;9100582978;DD13100004;;;;;;;;
;;;;9100583212;DD13100008;;;;;;;;
;;;;9100588030;DD13100068;;;;;;;;
;;;;9100590492;DD13100052;;;;;;;;
;;;;9100591127;DD13100007;;;;;;;;
;;;;9100591222;DD13100032;;;;;;;;
;;;;9100591493;DD13100024;;;;;;;;
;;;;9100591545;DD13100032;;;;;;;;
;;;;9100592884;DD13100050;;;;;;;;
;;;;9100593250;DD13100058;;;;;;;;
;;;;9100596041;DD13100006;;;;;;;;
;;;;9100596801;DD13100045;;;;;;;;
;;;;9100597250;DD13100052;;;;;;;;
;;;;9100597581;DD13100033;;;;;;;;
;;;;9100597817;DD13100067;;;;;;;;
;;;;9100600530;DD13100067;;;;;;;;
;;;;9100601539;DD13100029;;;;;;;;
;;;;9100601682;DD13100027;;;;;;;;
;;;;9100601980;DD13100011;;;;;;;;
;;;;9100602299;DD13100055;;;;;;;;
;;;;9100602372;DD13100032;;;;;;;;
;;;;9100603628;DD13100013;;;;;;;;
;;;;9100606155;DD13100058;;;;;;;;
;;;;9100607321;DD13100001;;;;;;;;
;;;;9100607527;DD13100017;;;;;;;;
;;;;9100609140;DD13100055;;;;;;;;
;;;;9100609846;DD13100067;;;;;;;;
;;;;9100610240;DD13100055;;;;;;;;
;;;;9100610435;DD13100008;;;;;;;;
;;;;9100612100;DD13100001;;;;;;;;
;;;;9100613076;DD13100031;;;;;;;;
;;;;9100614225;DD13100063;;;;;;;;
;;;;9100614413;DD13100017;;;;;;;;
;;;;9100615213;DD13100032;;;;;;;;
;;;;9100615441;DD13100058;;;;;;;;
;;;;9100616552;DD13100012;;;;;;;;
;;;;9100617121;DD13100027;;;;;;;;
;;;;9100617124;DD13100023;;;;;;;;
;;;;9100617395;DD13100023;;;;;;;;
;;;;9100617475;DD13100023;;;;;;;;
;;;;9100617812;DD13100053;;;;;;;;
;;;;9100618226;DD13100050;;;;;;;;
;;;;9100619658;DD13100011;;;;;;;;
;;;;9100620561;DD13100017;;;;;;;;
;;;;9100621276;DD13100004;;;;;;;;
;;;;9100621389;DD13100018;;;;;;;;
;;;;9100622604;DD13100026;;;;;;;;
;;;;9100622784;DD13100003;;;;;;;;
;;;;9100623018;DD13100006;;;;;;;;
;;;;9100626406;DD13100024;;;;;;;;
;;;;9100626587;DD13100020;;;;;;;;
;;;;9100627170;DD13100060;;;;;;;;
;;;;9100627485;DD13100033;;;;;;;;
;;;;9100627695;DD13100063;;;;;;;;
;;;;9100627975;DD13100053;;;;;;;;
;;;;9100627990;DD13100047;;;;;;;;
;;;;9100628369;DD13100053;;;;;;;;
;;;;9100628975;DD13100033;;;;;;;;
;;;;9100629126;DD13100014;;;;;;;;
;;;;9100629788;DD13100007;;;;;;;;
;;;;9100629896;DD13100011;;;;;;;;
;;;;9100630014;DD13100012;;;;;;;;
;;;;9100631930;DD13100001;;;;;;;;
;;;;9100632171;DD13100053;;;;;;;;
;;;;9100632834;DD13100007;;;;;;;;
;;;;9100633076;DD13100011;;;;;;;;
;;;;9100633779;DD13100067;;;;;;;;
;;;;9100634160;DD13100050;;;;;;;;
;;;;9100634356;DD13100062;;;;;;;;
;;;;9100635212;DD13100062;;;;;;;;
;;;;9100636763;DD13100027;;;;;;;;
;;;;9100636960;DD13100053;;;;;;;;
;;;;9100636961;DD13100053;;;;;;;;
;;;;9100637313;DD13100058;;;;;;;;
;;;;9100638648;DD13100012;;;;;;;;
;;;;9100639016;DD13100058;;;;;;;;
;;;;9100639032;DD13100017;;;;;;;;
;;;;9100639237;DD13100003;;;;;;;;
;;;;9100639954;DD13100061;;;;;;;;
;;;;9100640157;DD13100062;;;;;;;;
;;;;9100641568;DD13100031;;;;;;;;
;;;;9100641799;DD13100058;;;;;;;;
;;;;9100642392;DD13100019;;;;;;;;
;;;;9100642662;DD13100053;;;;;;;;
;;;;9100642781;DD13100004;;;;;;;;
;;;;9100642823;DD13100050;;;;;;;;
;;;;9100642838;DD13100053;;;;;;;;
;;;;9100643360;DD13100032;;;;;;;;
;;;;9100643487;DD13100024;;;;;;;;
;;;;9100645053;DD13100031;;;;;;;;
;;;;9100645059;DD13100053;;;;;;;;
;;;;9100645312;DD13100011;;;;;;;;
;;;;9100646097;DD13100006;;;;;;;;
;;;;9100646795;DD13100006;;;;;;;;
;;;;9100646871;DD13100045;;;;;;;;
;;;;9100647947;DD13100017;;;;;;;;
;;;;9100648393;DD13100062;;;;;;;;
;;;;9100648495;DD13100050;;;;;;;;
;;;;9100649610;DD13100050;;;;;;;;
;;;;9100650953;DD13100026;;;;;;;;
;;;;9100650976;DD13100026;;;;;;;;
;;;;9100651605;DD13100029;;;;;;;;
;;;;9100651724;DD13100055;;;;;;;;
;;;;9100651895;DD13100017;;;;;;;;
;;;;9100652615;DD13100024;;;;;;;;
;;;;9100652617;DD13100021;;;;;;;;
;;;;9100652762;DD13100067;;;;;;;;
;;;;9100653307;DD13100008;;;;;;;;
;;;;9100653354;DD13100032;;;;;;;;
;;;;9100653355;DD13100019;;;;;;;;
;;;;9100653427;DD13100001;;;;;;;;
;;;;9100654473;DD13100045;;;;;;;;
;;;;9100655002;DD13100007;;;;;;;;
;;;;9100655372;DD13100008;;;;;;;;
;;;;9100658142;DD13100017;;;;;;;;
;;;;9100658144;DD13100019;;;;;;;;
;;;;9100658240;DD13100067;;;;;;;;
;;;;9100659648;DD13100019;;;;;;;;
;;;;9100660484;DD13100007;;;;;;;;
;;;;9100661094;DD13100053;;;;;;;;
;;;;9100661113;DD13100023;;;;;;;;
;;;;9100661227;DD13100023;;;;;;;;
;;;;9100661498;DD13100020;;;;;;;;
;;;;9100661607;DD13100054;;;;;;;;
;;;;9100662674;DD13100019;;;;;;;;
;;;;9100663630;DD13100053;;;;;;;;
;;;;9100663743;DD13100004;;;;;;;;
;;;;9100663784;DD13100003;;;;;;;;
;;;;9100664303;DD13100011;;;;;;;;
;;;;9100664901;DD13100050;;;;;;;;
;;;;9100665155;DD13100001;;;;;;;;
;;;;9100666589;DD13100032;;;;;;;;
;;;;9100666666;DD13100053;;;;;;;;
;;;;9100666742;DD13100050;;;;;;;;
;;;;9100667648;DD13100063;;;;;;;;
;;;;9100668218;DD13100055;;;;;;;;
;;;;9100668715;DD13100055;;;;;;;;
;;;;9100669176;DD13100067;;;;;;;;
;;;;9100669500;DD13100023;;;;;;;;
;;;;9100669635;DD13100050;;;;;;;;
;;;;9100669904;DD13100026;;;;;;;;
;;;;9100670399;DD13100001;;;;;;;;
;;;;9100670427;DD13100023;;;;;;;;
;;;;9100670575;DD13100062;;;;;;;;
;;;;9100671265;DD13100024;;;;;;;;
;;;;9100673284;DD13100067;;;;;;;;
;;;;9100673632;DD13100050;;;;;;;;
;;;;9100675584;DD13100032;;;;;;;;
;;;;9100676061;DD13100045;;;;;;;;
;;;;9100677377;DD13100019;;;;;;;;
;;;;9100677459;DD13100033;;;;;;;;
;;;;9100677478;DD13100007;;;;;;;;
;;;;9100677847;DD13100060;;;;;;;;
;;;;9100678069;DD13100053;;;;;;;;
;;;;9100678134;DD13100017;;;;;;;;
;;;;9100678295;DD13100029;;;;;;;;
;;;;9100678356;DD13100050;;;;;;;;
;;;;9100678719;DD13100053;;;;;;;;
;;;;9100679516;DD13100032;;;;;;;;
;;;;9100679898;DD13100032;;;;;;;;
;;;;9100679906;DD13100031;;;;;;;;
;;;;9100680026;DD13100011;;;;;;;;
;;;;9100680393;DD13100006;;;;;;;;
;;;;9100681160;DD13100021;;;;;;;;
;;;;9100681218;DD13100014;;;;;;;;
;;;;9100681231;DD13100014;;;;;;;;
;;;;9100681243;DD13100058;;;;;;;;
;;;;9100681544;DD13100016;;;;;;;;
;;;;9100681586;DD13100050;;;;;;;;
;;;;9100682040;DD13100053;;;;;;;;
;;;;9100682415;DD13100011;;;;;;;;
;;;;9100682473;DD13100014;;;;;;;;
;;;;9100682560;DD13100060;;;;;;;;
;;;;9100683566;DD13100034;;;;;;;;
;;;;9100683728;DD13100029;;;;;;;;
;;;;9100684101;DD13100008;;;;;;;;
;;;;9100684195;DD13100006;;;;;;;;
;;;;9100684868;DD13100050;;;;;;;;
;;;;9100685322;DD13100016;;;;;;;;
;;;;9100685852;DD13100012;;;;;;;;
;;;;9100686343;DD13100007;;;;;;;;
;;;;9100686742;DD13100003;;;;;;;;
;;;;9100687352;DD13100067;;;;;;;;
;;;;9100687896;DD13100045;;;;;;;;
;;;;9100688641;DD13100013;;;;;;;;
;;;;9100688668;DD13100001;;;;;;;;
;;;;9100689904;DD13100053;;;;;;;;
;;;;9100690441;DD13100023;;;;;;;;
;;;;9100691332;DD13100060;;;;;;;;
;;;;9100691356;DD13100053;;;;;;;;
;;;;9100691956;DD13100058;;;;;;;;
;;;;9100692245;DD13100023;;;;;;;;
;;;;9100694685;DD13100058;;;;;;;;
;;;;9100694798;DD13100006;;;;;;;;
;;;;9100694999;DD13100067;;;;;;;;
;;;;9100695039;DD13100004;;;;;;;;
;;;;9100695182;DD13100001;;;;;;;;
;;;;9100695204;DD13100067;;;;;;;;
;;;;9100695278;DD13100011;;;;;;;;
;;;;9100696143;DD13100043;;;;;;;;
;;;;9100696849;DD13100012;;;;;;;;
;;;;9100698329;DD13100033;;;;;;;;
;;;;9100698420;DD13100023;;;;;;;;
;;;;9100698675;DD13100045;;;;;;;;
;;;;9100698744;DD13100006;;;;;;;;
;;;;9100698912;DD13100018;;;;;;;;
;;;;9100699144;DD13100050;;;;;;;;
;;;;9100699710;DD13100014;;;;;;;;
;;;;9100699983;DD13100017;;;;;;;;
;;;;9100700207;DD13100053;;;;;;;;
;;;;9100700301;DD13100018;;;;;;;;
;;;;9100700812;DD13100023;;;;;;;;
;;;;9100700874;DD13100020;;;;;;;;
;;;;9100701166;DD13100001;;;;;;;;
;;;;9100701217;DD13100024;;;;;;;;
;;;;9100701291;DD13100024;;;;;;;;
;;;;9100701777;DD13100018;;;;;;;;
;;;;9100701784;DD13100053;;;;;;;;
;;;;9100701789;DD13100045;;;;;;;;
;;;;9100702482;DD13100017;;;;;;;;
;;;;9100702913;DD13100026;;;;;;;;
;;;;9100702970;DD13100004;;;;;;;;
;;;;9100703223;DD13100060;;;;;;;;
;;;;9100703234;DD13100053;;;;;;;;
;;;;9100703436;DD13100053;;;;;;;;
;;;;9100703647;DD13100011;;;;;;;;
;;;;9100703787;DD13100063;;;;;;;;
;;;;9100708130;DD13100001;;;;;;;;
;;;;9100715856;DD13100053;;;;;;;;
;;;;9100716110;DD13100067;;;;;;;;
;;;;9100717340;DD13100011;;;;;;;;
;;;;9100717355;DD13100032;;;;;;;;
;;;;9100717724;DD13100068;;;;;;;;
;;;;9100718615;DD13100018;;;;;;;;
;;;;9100718706;DD13100012;;;;;;;;
;;;;9100721293;DD13100023;;;;;;;;
;;;;9100721688;DD13100053;;;;;;;;
;;;;9100722247;DD13100058;;;;;;;;
;;;;9100722376;DD13100058;;;;;;;;
;;;;9100722593;DD13100061;;;;;;;;
;;;;9100723039;DD13100011;;;;;;;;
;;;;9100723046;DD13100050;;;;;;;;
;;;;9100723081;DD13100052;;;;;;;;
;;;;9100723139;DD13100034;;;;;;;;
;;;;9100723264;DD13100035;;;;;;;;
;;;;9100723316;DD13100015;;;;;;;;
;;;;9100723356;DD13100032;;;;;;;;
;;;;9100723531;DD13100017;;;;;;;;
;;;;9100723869;DD13100067;;;;;;;;
;;;;9100724298;DD13100026;;;;;;;;
;;;;9100724322;DD13100050;;;;;;;;
;;;;9100725280;DD13100001;;;;;;;;
;;;;9100725292;DD13100027;;;;;;;;
;;;;9100725417;DD13100026;;;;;;;;
;;;;9100726583;DD13100027;;;;;;;;
;;;;9100726650;DD13100032;;;;;;;;
;;;;9100727009;DD13100053;;;;;;;;
;;;;9100727035;DD13100063;;;;;;;;
;;;;9100727703;DD13100004;;;;;;;;
;;;;9100727750;DD13100011;;;;;;;;
;;;;9100728312;DD13100058;;;;;;;;
;;;;9100728401;DD13100026;;;;;;;;
;;;;9100728505;DD13100026;;;;;;;;
;;;;9100729132;DD13100032;;;;;;;;
;;;;9100729258;DD13100017;;;;;;;;
;;;;9100729405;DD13100018;;;;;;;;
;;;;9100729533;DD13100026;;;;;;;;
;;;;9100729658;DD13100024;;;;;;;;
;;;;9100729943;DD13100029;;;;;;;;
;;;;9100729954;DD13100011;;;;;;;;
;;;;9100730075;DD13100045;;;;;;;;
;;;;9100730939;DD13100017;;;;;;;;
;;;;9100731896;DD13100001;;;;;;;;
;;;;9100731938;DD13100067;;;;;;;;
;;;;9100732766;DD13100017;;;;;;;;
;;;;9100733214;DD13100007;;;;;;;;
;;;;9100733333;DD13100024;;;;;;;;
;;;;9100733355;DD13100016;;;;;;;;
;;;;9100733360;DD13100006;;;;;;;;
;;;;9100733609;DD13100023;;;;;;;;
;;;;9100733969;DD13100024;;;;;;;;
;;;;9100734979;DD13100001;;;;;;;;
;;;;9100735422;DD13100029;;;;;;;;
;;;;9100735547;DD13100016;;;;;;;;
;;;;9100735762;DD13100011;;;;;;;;
;;;;9100735783;DD13100050;;;;;;;;
;;;;9100735784;DD13100050;;;;;;;;
;;;;9100736185;DD13100054;;;;;;;;
;;;;9100736213;DD13100054;;;;;;;;
;;;;9100736215;DD13100054;;;;;;;;
;;;;9100736216;DD13100045;;;;;;;;
;;;;9100736219;DD13100054;;;;;;;;
;;;;9100736220;DD13100054;;;;;;;;
;;;;9100736222;DD13100045;;;;;;;;
;;;;9100736227;DD13100054;;;;;;;;
;;;;9100736228;DD13100054;;;;;;;;
;;;;9100736229;DD13100054;;;;;;;;
;;;;9100736235;DD13100045;;;;;;;;
;;;;9100736244;DD13100054;;;;;;;;
;;;;9100736259;DD13100045;;;;;;;;
;;;;9100736266;DD13100045;;;;;;;;
;;;;9100736272;DD13100045;;;;;;;;
;;;;9100736273;DD13100045;;;;;;;;
;;;;9100736411;DD13100054;;;;;;;;
;;;;9100736469;DD13100054;;;;;;;;
;;;;9100736471;DD13100054;;;;;;;;
;;;;9100736476;DD13100054;;;;;;;;
;;;;9100736486;DD13100051;;;;;;;;
;;;;9100736601;DD13100054;;;;;;;;
;;;;9100736670;DD13100016;;;;;;;;
;;;;9100736806;DD13100013;;;;;;;;
;;;;9100737231;DD13100013;;;;;;;;
;;;;9100737399;DD13100032;;;;;;;;
;;;;9100737400;DD13100051;;;;;;;;
;;;;9100737822;DD13100011;;;;;;;;
;;;;9100738149;DD13100055;;;;;;;;
;;;;9100738166;DD13100013;;;;;;;;
;;;;9100738455;DD13100001;;;;;;;;
;;;;9100738774;DD13100051;;;;;;;;
;;;;9100739178;DD13100054;;;;;;;;
;;;;9100739591;DD13100053;;;;;;;;
;;;;9100739798;DD13100069;;;;;;;;
;;;;9100740330;DD13100006;;;;;;;;
;;;;9100740458;DD13100054;;;;;;;;
;;;;9100740503;DD13100069;;;;;;;;
;;;;9100741999;DD13100031;;;;;;;;
;;;;9100742280;DD13100034;;;;;;;;
;;;;9100742290;DD13100063;;;;;;;;
;;;;9100742484;DD13100001;;;;;;;;
;;;;9100742503;DD13100058;;;;;;;;
;;;;9100742644;DD13100013;;;;;;;;
;;;;9100742664;DD13100054;;;;;;;;
;;;;9100742665;DD13100054;;;;;;;;
;;;;9100742712;DD13100020;;;;;;;;
;;;;9100742873;DD13100069;;;;;;;;
;;;;9100743172;DD13100018;;;;;;;;
;;;;9100743215;DD47100029;;;;;;;;
;;;;9100743554;DD13100029;;;;;;;;
;;;;9100743595;DD13100054;;;;;;;;
;;;;9100743597;DD13100054;;;;;;;;
;;;;9100743608;DD13100054;;;;;;;;
;;;;9100743845;DD13100011;;;;;;;;
;;;;9100743868;DD13100018;;;;;;;;
;;;;9100744181;DD13100032;;;;;;;;
;;;;9100744232;DD13100011;;;;;;;;
;;;;9100744307;DD13100001;;;;;;;;
;;;;9100745043;DD13100017;;;;;;;;
;;;;9100745325;DD13100002;;;;;;;;
;;;;9100745447;DD13100008;;;;;;;;
;;;;9100745478;DD13100068;;;;;;;;
;;;;9100745490;DD13100068;;;;;;;;
;;;;9100745792;DD13100029;;;;;;;;
;;;;9100745910;DD13100055;;;;;;;;
;;;;9100745929;DD13100054;;;;;;;;
;;;;9100745932;DD13100054;;;;;;;;
;;;;9100746500;DD13100069;;;;;;;;
;;;;9100746832;DD13100050;;;;;;;;
;;;;9100746967;;;;;;;;;
;;;;9100746984;DD13100001;;;;;;;;
;;;;9100746992;DD13100023;;;;;;;;
;;;;9100747036;DD13100011;;;;;;;;
;;;;9100747472;DD13100058;;;;;;;;
;;;;9100747490;DD13100051;;;;;;;;
;;;;9100747591;DD13100020;;;;;;;;
;;;;9100747927;DD13100034;;;;;;;;
;;;;9100747929;DD13100058;;;;;;;;
;;;;9100747990;DD13100054;;;;;;;;
;;;;9100748119;DD13100053;;;;;;;;
;;;;9100748120;DD13100068;;;;;;;;
;;;;9100748566;DD13100053;;;;;;;;
;;;;9100749021;DD13100029;;;;;;;;
;;;;9100749745;DD13100054;;;;;;;;
;;;;9100749940;DD13100030;;;;;;;;
;;;;9100750130;DD13100008;;;;;;;;
;;;;9100750645;DD13100017;;;;;;;;
;;;;9100750650;DD13100067;;;;;;;;
;;;;9100750914;DD13100045;;;;;;;;
;;;;9100750960;DD13100027;;;;;;;;
;;;;9100751000;DD13100054;;;;;;;;
;;;;9100751056;DD13100053;;;;;;;;
;;;;9100751813;DD13100054;;;;;;;;
;;;;9100751859;DD13100019;;;;;;;;
;;;;9100751879;DD13100019;;;;;;;;
;;;;9100752144;DD13100050;;;;;;;;
;;;;9100752643;DD13100050;;;;;;;;
;;;;9100752651;DD13100050;;;;;;;;
;;;;9100752730;DD13100019;;;;;;;;
;;;;9100752742;DD13100026;;;;;;;;
;;;;9100752760;DD13100026;;;;;;;;
;;;;9100752860;DD13100055;;;;;;;;
;;;;9100755440;DD13100068;;;;;;;;
;;;;9100755589;DD13100034;;;;;;;;
;;;;9100755605;DD13100013;;;;;;;;
;;;;9100755674;DD13100013;;;;;;;;
;;;;9100755818;DD13100053;;;;;;;;
;;;;9100755962;DD13100008;;;;;;;;
;;;;9100756104;DD13100060;;;;;;;;
;;;;9100756188;DD13100067;;;;;;;;
;;;;9100756365;DD13100017;;;;;;;;
;;;;9100756398;DD13100007;;;;;;;;
;;;;9100756793;DD13100011;;;;;;;;
;;;;9100756802;DD13100054;;;;;;;;
;;;;9100756811;DD13100023;;;;;;;;
;;;;9100756820;DD13100011;;;;;;;;
;;;;9100756958;DD13100033;;;;;;;;
;;;;9100757467;DD13100031;;;;;;;;
;;;;9100757477;DD13100031;;;;;;;;
;;;;9100757707;DD13100067;;;;;;;;
;;;;9100758135;DD13100058;;;;;;;;
;;;;9100758269;DD13100017;;;;;;;;
;;;;9100758280;DD13100016;;;;;;;;
;;;;9100758360;DD13100002;;;;;;;;
;;;;9100759429;DD13100058;;;;;;;;
;;;;9100759507;DD13100053;;;;;;;;
;;;;9100759612;DD13100024;;;;;;;;
;;;;9100759837;DD13100050;;;;;;;;
;;;;9100759982;DD13100058;;;;;;;;
;;;;9100760072;DD13100053;;;;;;;;
;;;;9100760131;DD13100008;;;;;;;;
;;;;9100760596;DD13100007;;;;;;;;
;;;;9100760817;DD13100026;;;;;;;;
;;;;9100761557;DD13100055;;;;;;;;
;;;;9100761572;DD13100012;;;;;;;;
;;;;9100761780;DD13100029;;;;;;;;
;;;;9100761848;DD13100024;;;;;;;;
;;;;9100761923;DD13100061;;;;;;;;
;;;;9100762486;DD13100018;;;;;;;;
;;;;9100762714;DD13100003;;;;;;;;
;;;;9100764052;DD13100015;;;;;;;;
;;;;9100764101;DD13100007;;;;;;;;
;;;;9100764653;DD13100054;;;;;;;;
;;;;9100764737;DD13100019;;;;;;;;
;;;;9100764969;DD13100004;;;;;;;;
;;;;9100764980;DD13100016;;;;;;;;
;;;;9100765744;DD13100007;;;;;;;;
;;;;9100765851;DD13100018;;;;;;;;
;;;;9100766575;DD13100053;;;;;;;;
;;;;9100766615;DD13100058;;;;;;;;
;;;;9100767153;DD13100023;;;;;;;;
;;;;9100767161;DD13100053;;;;;;;;
;;;;9100767546;DD13100007;;;;;;;;
;;;;9100767754;DD13100068;;;;;;;;
;;;;9100767890;DD13100063;;;;;;;;
;;;;9100770429;DD13100054;;;;;;;;
;;;;9100771401;DD13100068;;;;;;;;
;;;;9100772092;DD13100000;;;;;;;;
